{
  "hash": "59c88d81",
  "configHash": "22a54e95",
  "lockfileHash": "18886206",
  "browserHash": "9cc49038",
  "optimized": {
    "@angular/common": {
      "src": "../../../../../../node_modules/@angular/common/fesm2022/common.mjs",
      "file": "@angular_common.js",
      "fileHash": "521e29b9",
      "needsInterop": false
    },
    "@angular/common/http": {
      "src": "../../../../../../node_modules/@angular/common/fesm2022/http.mjs",
      "file": "@angular_common_http.js",
      "fileHash": "52548be8",
      "needsInterop": false
    },
    "@angular/core": {
      "src": "../../../../../../node_modules/@angular/core/fesm2022/core.mjs",
      "file": "@angular_core.js",
      "fileHash": "54918dec",
      "needsInterop": false
    },
    "@angular/forms": {
      "src": "../../../../../../node_modules/@angular/forms/fesm2022/forms.mjs",
      "file": "@angular_forms.js",
      "fileHash": "14a71dbd",
      "needsInterop": false
    },
    "@angular/platform-browser": {
      "src": "../../../../../../node_modules/@angular/platform-browser/fesm2022/platform-browser.mjs",
      "file": "@angular_platform-browser.js",
      "fileHash": "b8056635",
      "needsInterop": false
    },
    "@angular/platform-browser/animations/async": {
      "src": "../../../../../../node_modules/@angular/platform-browser/fesm2022/animations/async.mjs",
      "file": "@angular_platform-browser_animations_async.js",
      "fileHash": "1e298e62",
      "needsInterop": false
    },
    "@angular/router": {
      "src": "../../../../../../node_modules/@angular/router/fesm2022/router.mjs",
      "file": "@angular_router.js",
      "fileHash": "9ace29d9",
      "needsInterop": false
    },
    "@primeuix/themes/aura": {
      "src": "../../../../../../node_modules/@primeuix/themes/dist/aura/index.mjs",
      "file": "@primeuix_themes_aura.js",
      "fileHash": "b619eeab",
      "needsInterop": false
    },
    "primeng/api": {
      "src": "../../../../../../node_modules/primeng/fesm2022/primeng-api.mjs",
      "file": "primeng_api.js",
      "fileHash": "3bd31275",
      "needsInterop": false
    },
    "primeng/badge": {
      "src": "../../../../../../node_modules/primeng/fesm2022/primeng-badge.mjs",
      "file": "primeng_badge.js",
      "fileHash": "48ff2e42",
      "needsInterop": false
    },
    "primeng/button": {
      "src": "../../../../../../node_modules/primeng/fesm2022/primeng-button.mjs",
      "file": "primeng_button.js",
      "fileHash": "09b19958",
      "needsInterop": false
    },
    "primeng/config": {
      "src": "../../../../../../node_modules/primeng/fesm2022/primeng-config.mjs",
      "file": "primeng_config.js",
      "fileHash": "942b3623",
      "needsInterop": false
    },
    "primeng/datepicker": {
      "src": "../../../../../../node_modules/primeng/fesm2022/primeng-datepicker.mjs",
      "file": "primeng_datepicker.js",
      "fileHash": "5a97c4c2",
      "needsInterop": false
    },
    "primeng/drawer": {
      "src": "../../../../../../node_modules/primeng/fesm2022/primeng-drawer.mjs",
      "file": "primeng_drawer.js",
      "fileHash": "5208a6ce",
      "needsInterop": false
    },
    "primeng/iconfield": {
      "src": "../../../../../../node_modules/primeng/fesm2022/primeng-iconfield.mjs",
      "file": "primeng_iconfield.js",
      "fileHash": "232388fd",
      "needsInterop": false
    },
    "primeng/inputicon": {
      "src": "../../../../../../node_modules/primeng/fesm2022/primeng-inputicon.mjs",
      "file": "primeng_inputicon.js",
      "fileHash": "10a55c46",
      "needsInterop": false
    },
    "primeng/inputmask": {
      "src": "../../../../../../node_modules/primeng/fesm2022/primeng-inputmask.mjs",
      "file": "primeng_inputmask.js",
      "fileHash": "686486eb",
      "needsInterop": false
    },
    "primeng/inputnumber": {
      "src": "../../../../../../node_modules/primeng/fesm2022/primeng-inputnumber.mjs",
      "file": "primeng_inputnumber.js",
      "fileHash": "e7f63a4b",
      "needsInterop": false
    },
    "primeng/inputtext": {
      "src": "../../../../../../node_modules/primeng/fesm2022/primeng-inputtext.mjs",
      "file": "primeng_inputtext.js",
      "fileHash": "17387321",
      "needsInterop": false
    },
    "primeng/menubar": {
      "src": "../../../../../../node_modules/primeng/fesm2022/primeng-menubar.mjs",
      "file": "primeng_menubar.js",
      "fileHash": "ae23a747",
      "needsInterop": false
    },
    "primeng/scroller": {
      "src": "../../../../../../node_modules/primeng/fesm2022/primeng-scroller.mjs",
      "file": "primeng_scroller.js",
      "fileHash": "bb9e5646",
      "needsInterop": false
    },
    "primeng/select": {
      "src": "../../../../../../node_modules/primeng/fesm2022/primeng-select.mjs",
      "file": "primeng_select.js",
      "fileHash": "381a1cdb",
      "needsInterop": false
    },
    "primeng/stepper": {
      "src": "../../../../../../node_modules/primeng/fesm2022/primeng-stepper.mjs",
      "file": "primeng_stepper.js",
      "fileHash": "da37070b",
      "needsInterop": false
    },
    "primeng/steps": {
      "src": "../../../../../../node_modules/primeng/fesm2022/primeng-steps.mjs",
      "file": "primeng_steps.js",
      "fileHash": "e3b0b764",
      "needsInterop": false
    },
    "primeng/table": {
      "src": "../../../../../../node_modules/primeng/fesm2022/primeng-table.mjs",
      "file": "primeng_table.js",
      "fileHash": "8d6e1135",
      "needsInterop": false
    },
    "primeng/textarea": {
      "src": "../../../../../../node_modules/primeng/fesm2022/primeng-textarea.mjs",
      "file": "primeng_textarea.js",
      "fileHash": "8c39fae5",
      "needsInterop": false
    },
    "primeng/toast": {
      "src": "../../../../../../node_modules/primeng/fesm2022/primeng-toast.mjs",
      "file": "primeng_toast.js",
      "fileHash": "7a43486d",
      "needsInterop": false
    },
    "zone.js": {
      "src": "../../../../../../node_modules/zone.js/fesm2015/zone.js",
      "file": "zone__js.js",
      "fileHash": "b36191a2",
      "needsInterop": true
    }
  },
  "chunks": {
    "browser-XA3XJMFQ": {
      "file": "browser-XA3XJMFQ.js"
    },
    "chunk-DQN57IHB": {
      "file": "chunk-DQN57IHB.js"
    },
    "chunk-OABCYJXF": {
      "file": "chunk-OABCYJXF.js"
    },
    "chunk-G3H37YPX": {
      "file": "chunk-G3H37YPX.js"
    },
    "chunk-LI4PZWZP": {
      "file": "chunk-LI4PZWZP.js"
    },
    "chunk-LYP7VRKZ": {
      "file": "chunk-LYP7VRKZ.js"
    },
    "chunk-PIK3PESR": {
      "file": "chunk-PIK3PESR.js"
    },
    "chunk-T7FMTBHH": {
      "file": "chunk-T7FMTBHH.js"
    },
    "chunk-4UDGW4AZ": {
      "file": "chunk-4UDGW4AZ.js"
    },
    "chunk-FQUUIKAM": {
      "file": "chunk-FQUUIKAM.js"
    },
    "chunk-MBKQ7Y5U": {
      "file": "chunk-MBKQ7Y5U.js"
    },
    "chunk-MEMF25JI": {
      "file": "chunk-MEMF25JI.js"
    },
    "chunk-5OVNPE4F": {
      "file": "chunk-5OVNPE4F.js"
    },
    "chunk-YFRPTC7S": {
      "file": "chunk-YFRPTC7S.js"
    },
    "chunk-GKJ6RMFG": {
      "file": "chunk-GKJ6RMFG.js"
    },
    "chunk-WYUBF3L4": {
      "file": "chunk-WYUBF3L4.js"
    },
    "chunk-QZ42QYBO": {
      "file": "chunk-QZ42QYBO.js"
    },
    "chunk-VVI2PX4N": {
      "file": "chunk-VVI2PX4N.js"
    },
    "chunk-YQFND2OR": {
      "file": "chunk-YQFND2OR.js"
    },
    "chunk-YL7CBP7Z": {
      "file": "chunk-YL7CBP7Z.js"
    },
    "chunk-AH7RFMOB": {
      "file": "chunk-AH7RFMOB.js"
    },
    "chunk-SACAJ2WI": {
      "file": "chunk-SACAJ2WI.js"
    },
    "chunk-6OLU6NG4": {
      "file": "chunk-6OLU6NG4.js"
    },
    "chunk-NG4FTQTS": {
      "file": "chunk-NG4FTQTS.js"
    },
    "chunk-4OQXZJDZ": {
      "file": "chunk-4OQXZJDZ.js"
    },
    "chunk-PRBEAYUC": {
      "file": "chunk-PRBEAYUC.js"
    },
    "chunk-RRZNKNU5": {
      "file": "chunk-RRZNKNU5.js"
    },
    "chunk-CH6RFUC4": {
      "file": "chunk-CH6RFUC4.js"
    },
    "chunk-YWO52GHS": {
      "file": "chunk-YWO52GHS.js"
    },
    "chunk-QFTBEOVT": {
      "file": "chunk-QFTBEOVT.js"
    },
    "chunk-CLLBYVRF": {
      "file": "chunk-CLLBYVRF.js"
    },
    "chunk-SW47ADFA": {
      "file": "chunk-SW47ADFA.js"
    },
    "chunk-WDMUDEB6": {
      "file": "chunk-WDMUDEB6.js"
    }
  }
}